{"cameraMode":{"drawMode":0,"name":"Shaded","section":"Shading Mode"},"sceneLighting":false,"audioPlay":false,"sceneViewState":{"showFog":true,"showMaterialUpdate":false,"showSkybox":false,"showFlares":true,"showImageEffects":true,"showParticleSystems":true},"in2DMode":false,"pivot":{"x":-28.849533081054689,"y":8.648726463317871,"z":0.0},"rotation":{"x":-0.060888707637786868,"y":0.27109846472740176,"z":-0.017185576260089875,"w":-0.9604737758636475},"size":51.13682174682617,"orthographic":false}