{"cameraMode":{"drawMode":0,"name":"Shaded","section":"Shading Mode"},"sceneLighting":false,"audioPlay":false,"sceneViewState":{"showFog":true,"showMaterialUpdate":false,"showSkybox":true,"showFlares":true,"showImageEffects":true,"showParticleSystems":true},"in2DMode":false,"pivot":{"x":26.289098739624025,"y":129.7852325439453,"z":0.0},"rotation":{"x":0.19632109999656678,"y":-0.028824687004089357,"z":-0.005774283781647682,"w":-0.9801027178764343},"size":469.4387512207031,"orthographic":false}